CREATE SCHEMA books;

CREATE TABLE books.author (
    id integer NOT NULL,
    name character varying NOT NULL,
    dateborn date,
    datedied date,
    gender character varying(6),
    goodreadsratingsaverage numeric(3,2),
    goodreadsauthorid character varying,
    goodreadsratingscount integer,
    goodreadsurl character varying,
    "timestamp" timestamp with time zone DEFAULT CURRENT_TIMESTAMP NOT NULL
);

CREATE TABLE books.author_book (
    id integer NOT NULL,
    bookid integer NOT NULL,
    authorid integer NOT NULL
);

ALTER TABLE books.author_book ALTER COLUMN id ADD GENERATED BY DEFAULT AS IDENTITY (
    SEQUENCE NAME books.author_book_id_seq
    START WITH 1
    INCREMENT BY 1
    NO MINVALUE
    NO MAXVALUE
    CACHE 1
);

ALTER TABLE books.author ALTER COLUMN id ADD GENERATED BY DEFAULT AS IDENTITY (
    SEQUENCE NAME books.author_id_seq
    START WITH 1
    INCREMENT BY 1
    NO MINVALUE
    NO MAXVALUE
    CACHE 1
);

CREATE TABLE books.book (
    id integer NOT NULL,
    name character varying NOT NULL,
    descriptionfull character varying,
    descriptionshort character varying,
    goodreadsbookid character varying,
    goodreadsratingsaverage numeric(3,2),
    goodreadsratingscount integer,
    goodreadsratingsdistributionfive integer,
    goodreadsratingsdistributionfour integer,
    goodreadsratingsdistributionthree integer,
    goodreadsratingsdistributiontwo integer,
    goodreadsratingsdistributionone integer,
    goodreadsurl character varying,
    imagelarge character varying,
    imagesmall character varying,
    isbn character varying(10),
    isbn13 character varying(13),
    pagecount integer,
    publicationyear integer,
    "timestamp" timestamp with time zone DEFAULT CURRENT_TIMESTAMP NOT NULL
);

CREATE TABLE books.book_bookshelf (
    id integer NOT NULL,
    bookid integer NOT NULL,
    bookshelfid integer NOT NULL,
    "timestamp" timestamp with time zone DEFAULT CURRENT_TIMESTAMP NOT NULL
);

ALTER TABLE books.book_bookshelf ALTER COLUMN id ADD GENERATED BY DEFAULT AS IDENTITY (
    SEQUENCE NAME books.book_bookshelf_id_seq
    START WITH 1
    INCREMENT BY 1
    NO MINVALUE
    NO MAXVALUE
    CACHE 1
);

ALTER TABLE books.book ALTER COLUMN id ADD GENERATED BY DEFAULT AS IDENTITY (
    SEQUENCE NAME books.book_id_seq
    START WITH 1
    INCREMENT BY 1
    NO MINVALUE
    NO MAXVALUE
    CACHE 1
);

CREATE TABLE books.book_list (
    id integer NOT NULL,
    bookid integer NOT NULL,
    listid integer NOT NULL,
    "position" integer NOT NULL
);

ALTER TABLE books.book_list ALTER COLUMN id ADD GENERATED BY DEFAULT AS IDENTITY (
    SEQUENCE NAME books.book_list_id_seq
    START WITH 1
    INCREMENT BY 1
    NO MINVALUE
    NO MAXVALUE
    CACHE 1
);

CREATE TABLE books.bookshelf (
    id integer NOT NULL,
    name character varying NOT NULL,
    bookshelftypeid integer NOT NULL,
    goodreadsshelfid character varying
);

ALTER TABLE books.bookshelf ALTER COLUMN id ADD GENERATED BY DEFAULT AS IDENTITY (
    SEQUENCE NAME books.bookshelf_id_seq
    START WITH 1
    INCREMENT BY 1
    NO MINVALUE
    NO MAXVALUE
    CACHE 1
);

CREATE TABLE books.bookshelftype (
    id integer NOT NULL,
    name character varying NOT NULL
);

ALTER TABLE books.bookshelftype ALTER COLUMN id ADD GENERATED BY DEFAULT AS IDENTITY (
    SEQUENCE NAME books.bookshelftype_id_seq
    START WITH 1
    INCREMENT BY 1
    NO MINVALUE
    NO MAXVALUE
    CACHE 1
);

CREATE TABLE books.list (
    id integer NOT NULL,
    name character varying NOT NULL,
    description character varying,
    goodreadsseriesid character varying
);

ALTER TABLE books.list ALTER COLUMN id ADD GENERATED BY DEFAULT AS IDENTITY (
    SEQUENCE NAME books.list_id_seq
    START WITH 1
    INCREMENT BY 1
    NO MINVALUE
    NO MAXVALUE
    CACHE 1
);

CREATE TABLE books.review (
    id integer NOT NULL,
    userbookid integer NOT NULL,    
    isspoiler boolean NOT NULL,
    body character varying,
    dateadded timestamp with time zone,
    dateended timestamp with time zone,
    datestarted timestamp with time zone,
    dateupdated timestamp with time zone,
    goodreadsreviewid character varying,
    goodreadsurl character varying,
    rating integer,
    CONSTRAINT review_rating_check CHECK ((rating >= 0)),
    CONSTRAINT review_rating_check1 CHECK ((rating <= 10))
);

ALTER TABLE books.review ALTER COLUMN id ADD GENERATED BY DEFAULT AS IDENTITY (
    SEQUENCE NAME books.review_id_seq
    START WITH 1
    INCREMENT BY 1
    NO MINVALUE
    NO MAXVALUE
    CACHE 1
);

CREATE TABLE books.userbook (
    id integer NOT NULL,
    bookid integer NOT NULL,
    userid integer NOT NULL
);

ALTER TABLE books.userbook ALTER COLUMN id ADD GENERATED BY DEFAULT AS IDENTITY (
    SEQUENCE NAME books.userbook_id_seq
    START WITH 1
    INCREMENT BY 1
    NO MINVALUE
    NO MAXVALUE
    CACHE 1
);

CREATE TABLE books.userbook_userbookshelves (
    id integer NOT NULL,
    userbookid integer NOT NULL,
    userbookshelfid integer NOT NULL,
    "timestamp" timestamp with time zone DEFAULT CURRENT_TIMESTAMP NOT NULL
);

ALTER TABLE books.userbook_userbookshelves ALTER COLUMN id ADD GENERATED BY DEFAULT AS IDENTITY (
    SEQUENCE NAME books.userbook_userbookshelves_id_seq
    START WITH 1
    INCREMENT BY 1
    NO MINVALUE
    NO MAXVALUE
    CACHE 1
);

CREATE TABLE books.userbookshelf (
    id integer NOT NULL,
    name character varying NOT NULL,
    userbookshelftypeid integer NOT NULL,
    goodreadsshelfid character varying
);

ALTER TABLE books.userbookshelf ALTER COLUMN id ADD GENERATED BY DEFAULT AS IDENTITY (
    SEQUENCE NAME books.userbookshelf_id_seq
    START WITH 1
    INCREMENT BY 1
    NO MINVALUE
    NO MAXVALUE
    CACHE 1
);

CREATE TABLE books.userbookshelftype (
    id integer NOT NULL,
    name character varying NOT NULL
);

ALTER TABLE books.userbookshelftype ALTER COLUMN id ADD GENERATED BY DEFAULT AS IDENTITY (
    SEQUENCE NAME books.userbookshelftype_id_seq
    START WITH 1
    INCREMENT BY 1
    NO MINVALUE
    NO MAXVALUE
    CACHE 1
);

INSERT INTO books.bookshelf (id, name, bookshelftypeid, goodreadsshelfid) VALUES (1, 'Hugo', 1, '260907918');
INSERT INTO books.bookshelf (id, name, bookshelftypeid, goodreadsshelfid) VALUES (2, 'Hugo Nominee', 1, '260908130');
INSERT INTO books.bookshelf (id, name, bookshelftypeid, goodreadsshelfid) VALUES (3, '372 Pages', 2, '302308344');
INSERT INTO books.bookshelf (id, name, bookshelftypeid, goodreadsshelfid) VALUES (4, 'Alternate History', 2, '217979013');
INSERT INTO books.bookshelf (id, name, bookshelftypeid, goodreadsshelfid) VALUES (5, 'Crossover', 2, '223525642');
INSERT INTO books.bookshelf (id, name, bookshelftypeid, goodreadsshelfid) VALUES (6, 'DC', 2, '215755547');
INSERT INTO books.bookshelf (id, name, bookshelftypeid, goodreadsshelfid) VALUES (7, 'Fiction', 2, '213473141');
INSERT INTO books.bookshelf (id, name, bookshelftypeid, goodreadsshelfid) VALUES (8, 'Immortals', 2, '223526484');
INSERT INTO books.bookshelf (id, name, bookshelftypeid, goodreadsshelfid) VALUES (9, 'Marvel', 2, '215747068');
INSERT INTO books.bookshelf (id, name, bookshelftypeid, goodreadsshelfid) VALUES (10, 'Non-Fiction', 2, '178374250');
INSERT INTO books.bookshelf (id, name, bookshelftypeid, goodreadsshelfid) VALUES (11, 'Parallel Universe', 2, '223526504');
INSERT INTO books.bookshelf (id, name, bookshelftypeid, goodreadsshelfid) VALUES (12, 'Received as Gift', 2, '212773651');
INSERT INTO books.bookshelf (id, name, bookshelftypeid, goodreadsshelfid) VALUES (13, 'Secret History', 2, '223526537');
INSERT INTO books.bookshelf (id, name, bookshelftypeid, goodreadsshelfid) VALUES (14, 'Sherlock Holmes', 2, '215867394');
INSERT INTO books.bookshelf (id, name, bookshelftypeid, goodreadsshelfid) VALUES (15, 'Star Trek', 2, '215365663');
INSERT INTO books.bookshelf (id, name, bookshelftypeid, goodreadsshelfid) VALUES (16, 'Star Wars', 2, '215468774');
INSERT INTO books.bookshelf (id, name, bookshelftypeid, goodreadsshelfid) VALUES (17, 'Graphic Novel', 3, '215747057');
INSERT INTO books.bookshelf (id, name, bookshelftypeid, goodreadsshelfid) VALUES (18, 'Novella', 3, '298008748');
INSERT INTO books.bookshelf (id, name, bookshelftypeid, goodreadsshelfid) VALUES (19, 'Play', 3, '308180236');
INSERT INTO books.bookshelf (id, name, bookshelftypeid, goodreadsshelfid) VALUES (20, 'Short Story Collection', 3, '215831580');
INSERT INTO books.bookshelf (id, name, bookshelftypeid, goodreadsshelfid) VALUES (21, 'Adventure', 4, '213522818');
INSERT INTO books.bookshelf (id, name, bookshelftypeid, goodreadsshelfid) VALUES (22, 'Biography', 4, '215866107');
INSERT INTO books.bookshelf (id, name, bookshelftypeid, goodreadsshelfid) VALUES (23, 'Classics', 4, '178343919');
INSERT INTO books.bookshelf (id, name, bookshelftypeid, goodreadsshelfid) VALUES (24, 'Education', 4, '354440751');
INSERT INTO books.bookshelf (id, name, bookshelftypeid, goodreadsshelfid) VALUES (25, 'Fantasy', 4, '214502981');
INSERT INTO books.bookshelf (id, name, bookshelftypeid, goodreadsshelfid) VALUES (26, 'Financial', 4, '219217614');
INSERT INTO books.bookshelf (id, name, bookshelftypeid, goodreadsshelfid) VALUES (27, 'Games', 4, '215470406');
INSERT INTO books.bookshelf (id, name, bookshelftypeid, goodreadsshelfid) VALUES (28, 'Historical Fiction', 4, '214284479');
INSERT INTO books.bookshelf (id, name, bookshelftypeid, goodreadsshelfid) VALUES (29, 'History', 4, '214294778');
INSERT INTO books.bookshelf (id, name, bookshelftypeid, goodreadsshelfid) VALUES (30, 'Horror', 4, '214185224');
INSERT INTO books.bookshelf (id, name, bookshelftypeid, goodreadsshelfid) VALUES (31, 'How-To', 4, '371788885');
INSERT INTO books.bookshelf (id, name, bookshelftypeid, goodreadsshelfid) VALUES (32, 'Humor', 4, '214394572');
INSERT INTO books.bookshelf (id, name, bookshelftypeid, goodreadsshelfid) VALUES (33, 'Language', 4, '218074131');
INSERT INTO books.bookshelf (id, name, bookshelftypeid, goodreadsshelfid) VALUES (34, 'Marriage', 4, '216779744');
INSERT INTO books.bookshelf (id, name, bookshelftypeid, goodreadsshelfid) VALUES (35, 'Math', 4, '217287636');
INSERT INTO books.bookshelf (id, name, bookshelftypeid, goodreadsshelfid) VALUES (36, 'Music', 4, '218074284');
INSERT INTO books.bookshelf (id, name, bookshelftypeid, goodreadsshelfid) VALUES (37, 'Mystery', 4, '213473323');
INSERT INTO books.bookshelf (id, name, bookshelftypeid, goodreadsshelfid) VALUES (38, 'Newspaper Comics', 4, '214401818');
INSERT INTO books.bookshelf (id, name, bookshelftypeid, goodreadsshelfid) VALUES (39, 'Philosophy', 4, '218281035');
INSERT INTO books.bookshelf (id, name, bookshelftypeid, goodreadsshelfid) VALUES (40, 'Poetry', 4, '214264163');
INSERT INTO books.bookshelf (id, name, bookshelftypeid, goodreadsshelfid) VALUES (41, 'Politics', 4, '215368387');
INSERT INTO books.bookshelf (id, name, bookshelftypeid, goodreadsshelfid) VALUES (42, 'Reference', 4, '215835880');
INSERT INTO books.bookshelf (id, name, bookshelftypeid, goodreadsshelfid) VALUES (43, 'Sci-Fi', 4, '214503222');
INSERT INTO books.bookshelf (id, name, bookshelftypeid, goodreadsshelfid) VALUES (44, 'Science', 4, '214261260');
INSERT INTO books.bookshelf (id, name, bookshelftypeid, goodreadsshelfid) VALUES (45, 'Sports', 4, '213609986');
INSERT INTO books.bookshelf (id, name, bookshelftypeid, goodreadsshelfid) VALUES (46, 'Technology', 4, '215835395');
INSERT INTO books.bookshelf (id, name, bookshelftypeid, goodreadsshelfid) VALUES (47, 'Textbook', 4, '213527074');
INSERT INTO books.bookshelf (id, name, bookshelftypeid, goodreadsshelfid) VALUES (48, 'Theology', 4, '215867876');
INSERT INTO books.bookshelf (id, name, bookshelftypeid, goodreadsshelfid) VALUES (49, 'Thriller', 4, '394032403');
INSERT INTO books.bookshelf (id, name, bookshelftypeid, goodreadsshelfid) VALUES (50, 'Trivia or General Knowledge', 4, '213633192');
INSERT INTO books.bookshelf (id, name, bookshelftypeid, goodreadsshelfid) VALUES (51, 'Own', 5, '15447015');
INSERT INTO books.bookshelf (id, name, bookshelftypeid, goodreadsshelfid) VALUES (52, 'Own Audio', 5, '401986308');
INSERT INTO books.bookshelf (id, name, bookshelftypeid, goodreadsshelfid) VALUES (53, 'Own eBook', 5, '401986321');
INSERT INTO books.bookshelf (id, name, bookshelftypeid, goodreadsshelfid) VALUES (54, 'Own Paper', 5, '401986276');
INSERT INTO books.bookshelf (id, name, bookshelftypeid, goodreadsshelfid) VALUES (55, 'Used to Own', 5, '177698908');

INSERT INTO books.bookshelftype (id, name) VALUES (1, 'Award');
INSERT INTO books.bookshelftype (id, name) VALUES (2, 'Book');
INSERT INTO books.bookshelftype (id, name) VALUES (3, 'Format');
INSERT INTO books.bookshelftype (id, name) VALUES (4, 'Genre');
INSERT INTO books.bookshelftype (id, name) VALUES (5, 'Owner');

INSERT INTO books.userbookshelf (id, name, userbookshelftypeid, goodreadsshelfid) VALUES (1, 'Did Not Finish 2016', 2, '252926713');
INSERT INTO books.userbookshelf (id, name, userbookshelftypeid, goodreadsshelfid) VALUES (2, 'Did Not Finish 2017', 2, '252926743');
INSERT INTO books.userbookshelf (id, name, userbookshelftypeid, goodreadsshelfid) VALUES (3, 'Did Not Finish 2018', 2, '252926753');
INSERT INTO books.userbookshelf (id, name, userbookshelftypeid, goodreadsshelfid) VALUES (4, 'Did Not Finish 2019', 2, '315992374');
INSERT INTO books.userbookshelf (id, name, userbookshelftypeid, goodreadsshelfid) VALUES (5, 'Did Not Finish 2020', 2, '373864589');
INSERT INTO books.userbookshelf (id, name, userbookshelftypeid, goodreadsshelfid) VALUES (6, 'First Read 1996', 3, '213527063');
INSERT INTO books.userbookshelf (id, name, userbookshelftypeid, goodreadsshelfid) VALUES (7, 'First Read 1997', 3, '213473155');
INSERT INTO books.userbookshelf (id, name, userbookshelftypeid, goodreadsshelfid) VALUES (8, 'First Read 1998', 3, '213527273');
INSERT INTO books.userbookshelf (id, name, userbookshelftypeid, goodreadsshelfid) VALUES (9, 'First Read 1999', 3, '213527277');
INSERT INTO books.userbookshelf (id, name, userbookshelftypeid, goodreadsshelfid) VALUES (10, 'First Read 2000', 3, '214381365');
INSERT INTO books.userbookshelf (id, name, userbookshelftypeid, goodreadsshelfid) VALUES (11, 'First Read 2001', 3, '214395473');
INSERT INTO books.userbookshelf (id, name, userbookshelftypeid, goodreadsshelfid) VALUES (12, 'First Read 2002', 3, '215261041');
INSERT INTO books.userbookshelf (id, name, userbookshelftypeid, goodreadsshelfid) VALUES (13, 'First Read 2003', 3, '215569421');
INSERT INTO books.userbookshelf (id, name, userbookshelftypeid, goodreadsshelfid) VALUES (14, 'First Read 2004', 3, '215862609');
INSERT INTO books.userbookshelf (id, name, userbookshelftypeid, goodreadsshelfid) VALUES (15, 'First Read 2005', 3, '215969198');
INSERT INTO books.userbookshelf (id, name, userbookshelftypeid, goodreadsshelfid) VALUES (16, 'First Read 2006', 3, '216176578');
INSERT INTO books.userbookshelf (id, name, userbookshelftypeid, goodreadsshelfid) VALUES (17, 'First Read 2007', 3, '216283346');
INSERT INTO books.userbookshelf (id, name, userbookshelftypeid, goodreadsshelfid) VALUES (18, 'First Read 2008', 3, '216545641');
INSERT INTO books.userbookshelf (id, name, userbookshelftypeid, goodreadsshelfid) VALUES (19, 'First Read 2009', 3, '216775833');
INSERT INTO books.userbookshelf (id, name, userbookshelftypeid, goodreadsshelfid) VALUES (20, 'First Read 2010', 3, '216777173');
INSERT INTO books.userbookshelf (id, name, userbookshelftypeid, goodreadsshelfid) VALUES (21, 'First Read 2011', 3, '216778572');
INSERT INTO books.userbookshelf (id, name, userbookshelftypeid, goodreadsshelfid) VALUES (22, 'First Read 2012', 3, '217382361');
INSERT INTO books.userbookshelf (id, name, userbookshelftypeid, goodreadsshelfid) VALUES (23, 'First Read 2013', 3, '217949599');
INSERT INTO books.userbookshelf (id, name, userbookshelftypeid, goodreadsshelfid) VALUES (24, 'First Read 2014', 3, '217975264');
INSERT INTO books.userbookshelf (id, name, userbookshelftypeid, goodreadsshelfid) VALUES (25, 'First Read 2015', 3, '131249441');
INSERT INTO books.userbookshelf (id, name, userbookshelftypeid, goodreadsshelfid) VALUES (26, 'First Read 2016', 3, '168814714');
INSERT INTO books.userbookshelf (id, name, userbookshelftypeid, goodreadsshelfid) VALUES (27, 'First Read 2017', 3, '207727264');
INSERT INTO books.userbookshelf (id, name, userbookshelftypeid, goodreadsshelfid) VALUES (28, 'First Read 2019', 3, '298008825');
INSERT INTO books.userbookshelf (id, name, userbookshelftypeid, goodreadsshelfid) VALUES (29, 'First Read 2020', 3, '350589224');
INSERT INTO books.userbookshelf (id, name, userbookshelftypeid, goodreadsshelfid) VALUES (30, 'First Read 2021', 3, '423131852');
INSERT INTO books.userbookshelf (id, name, userbookshelftypeid, goodreadsshelfid) VALUES (31, 'New Authors Read 1996', 4, '218079355');
INSERT INTO books.userbookshelf (id, name, userbookshelftypeid, goodreadsshelfid) VALUES (32, 'New Authors Read 1997', 4, '213500812');
INSERT INTO books.userbookshelf (id, name, userbookshelftypeid, goodreadsshelfid) VALUES (33, 'New Authors Read 1998', 4, '213609932');
INSERT INTO books.userbookshelf (id, name, userbookshelftypeid, goodreadsshelfid) VALUES (34, 'New Authors Read 1999', 4, '214371576');
INSERT INTO books.userbookshelf (id, name, userbookshelftypeid, goodreadsshelfid) VALUES (35, 'New Authors Read 2000', 4, '214381384');
INSERT INTO books.userbookshelf (id, name, userbookshelftypeid, goodreadsshelfid) VALUES (36, 'New Authors Read 2001', 4, '214395608');
INSERT INTO books.userbookshelf (id, name, userbookshelftypeid, goodreadsshelfid) VALUES (37, 'New Authors Read 2002', 4, '215261049');
INSERT INTO books.userbookshelf (id, name, userbookshelftypeid, goodreadsshelfid) VALUES (38, 'New Authors Read 2003', 4, '215569443');
INSERT INTO books.userbookshelf (id, name, userbookshelftypeid, goodreadsshelfid) VALUES (39, 'New Authors Read 2004', 4, '215862657');
INSERT INTO books.userbookshelf (id, name, userbookshelftypeid, goodreadsshelfid) VALUES (40, 'New Authors Read 2005', 4, '215969233');
INSERT INTO books.userbookshelf (id, name, userbookshelftypeid, goodreadsshelfid) VALUES (41, 'New Authors Read 2006', 4, '216176613');
INSERT INTO books.userbookshelf (id, name, userbookshelftypeid, goodreadsshelfid) VALUES (42, 'New Authors Read 2007', 4, '216284113');
INSERT INTO books.userbookshelf (id, name, userbookshelftypeid, goodreadsshelfid) VALUES (43, 'New Authors Read 2008', 4, '216545696');
INSERT INTO books.userbookshelf (id, name, userbookshelftypeid, goodreadsshelfid) VALUES (44, 'New Authors Read 2009', 4, '216776022');
INSERT INTO books.userbookshelf (id, name, userbookshelftypeid, goodreadsshelfid) VALUES (45, 'New Authors Read 2010', 4, '216777212');
INSERT INTO books.userbookshelf (id, name, userbookshelftypeid, goodreadsshelfid) VALUES (46, 'New Authors Read 2011', 4, '216778579');
INSERT INTO books.userbookshelf (id, name, userbookshelftypeid, goodreadsshelfid) VALUES (47, 'New Authors Read 2012', 4, '217382370');
INSERT INTO books.userbookshelf (id, name, userbookshelftypeid, goodreadsshelfid) VALUES (48, 'New Authors Read 2013', 4, '217949637');
INSERT INTO books.userbookshelf (id, name, userbookshelftypeid, goodreadsshelfid) VALUES (49, 'New Authors Read 2014', 4, '217975277');
INSERT INTO books.userbookshelf (id, name, userbookshelftypeid, goodreadsshelfid) VALUES (50, 'New Authors Read 2015', 4, '203051306');
INSERT INTO books.userbookshelf (id, name, userbookshelftypeid, goodreadsshelfid) VALUES (51, 'New Authors Read 2016', 4, '203051526');
INSERT INTO books.userbookshelf (id, name, userbookshelftypeid, goodreadsshelfid) VALUES (52, 'New Authors Read 2017', 4, '207727289');
INSERT INTO books.userbookshelf (id, name, userbookshelftypeid, goodreadsshelfid) VALUES (53, 'New Authors Read 2018', 4, '249641248');
INSERT INTO books.userbookshelf (id, name, userbookshelftypeid, goodreadsshelfid) VALUES (54, 'New Authors Read 2019', 4, '302308407');
INSERT INTO books.userbookshelf (id, name, userbookshelftypeid, goodreadsshelfid) VALUES (55, 'New Authors Read 2020', 4, '350589287');
INSERT INTO books.userbookshelf (id, name, userbookshelftypeid, goodreadsshelfid) VALUES (56, 'New Authors Read 2021', 4, '426718559');
INSERT INTO books.userbookshelf (id, name, userbookshelftypeid, goodreadsshelfid) VALUES (57, 'Currently Reading', 5, '15377250');
INSERT INTO books.userbookshelf (id, name, userbookshelftypeid, goodreadsshelfid) VALUES (58, 'Did Not Finish', 5, '203361171');
INSERT INTO books.userbookshelf (id, name, userbookshelftypeid, goodreadsshelfid) VALUES (59, 'Not Going to Read', 5, '155634049');
INSERT INTO books.userbookshelf (id, name, userbookshelftypeid, goodreadsshelfid) VALUES (60, 'Read Individually, Own Collection', 5, '218076922');
INSERT INTO books.userbookshelf (id, name, userbookshelftypeid, goodreadsshelfid) VALUES (61, 'Read', 5, '15377251');
INSERT INTO books.userbookshelf (id, name, userbookshelftypeid, goodreadsshelfid) VALUES (62, 'Want To Read', 5, '15377249');
INSERT INTO books.userbookshelf (id, name, userbookshelftypeid, goodreadsshelfid) VALUES (63, 'Read 2015', 6, '218855434');
INSERT INTO books.userbookshelf (id, name, userbookshelftypeid, goodreadsshelfid) VALUES (64, 'Read 2016', 6, '214293293');
INSERT INTO books.userbookshelf (id, name, userbookshelftypeid, goodreadsshelfid) VALUES (65, 'Read 2017', 6, '214293725');
INSERT INTO books.userbookshelf (id, name, userbookshelftypeid, goodreadsshelfid) VALUES (66, 'Read 2018', 6, '249641302');
INSERT INTO books.userbookshelf (id, name, userbookshelftypeid, goodreadsshelfid) VALUES (67, 'Read 2019', 6, '298008987');
INSERT INTO books.userbookshelf (id, name, userbookshelftypeid, goodreadsshelfid) VALUES (68, 'Read 2020', 6, '350589241');
INSERT INTO books.userbookshelf (id, name, userbookshelftypeid, goodreadsshelfid) VALUES (69, 'Read 2021', 6, '423131903');
INSERT INTO books.userbookshelf (id, name, userbookshelftypeid, goodreadsshelfid) VALUES (70, 'Best of Year Published', 7, '233365088');
INSERT INTO books.userbookshelf (id, name, userbookshelftypeid, goodreadsshelfid) VALUES (71, 'Best Summary Opening Sentences', 7, '215472153');
INSERT INTO books.userbookshelf (id, name, userbookshelftypeid, goodreadsshelfid) VALUES (72, 'Favorites', 7, '203056271');
INSERT INTO books.userbookshelf (id, name, userbookshelftypeid, goodreadsshelfid) VALUES (73, 'Hundredth', 7, '214289476');
INSERT INTO books.userbookshelf (id, name, userbookshelftypeid, goodreadsshelfid) VALUES (74, 'Next in Series', 7, '422065540');
INSERT INTO books.userbookshelf (id, name, userbookshelftypeid, goodreadsshelfid) VALUES (75, 'On Deck', 7, '223183595');
INSERT INTO books.userbookshelf (id, name, userbookshelftypeid, goodreadsshelfid) VALUES (76, 'Quotes', 7, '202947117');
INSERT INTO books.userbookshelf (id, name, userbookshelftypeid, goodreadsshelfid) VALUES (77, 'Read For School', 7, '433270164');
INSERT INTO books.userbookshelf (id, name, userbookshelftypeid, goodreadsshelfid) VALUES (78, 'Read with Children', 7, '186707459');
INSERT INTO books.userbookshelf (id, name, userbookshelftypeid, goodreadsshelfid) VALUES (79, 'Read with Spouse', 7, '204688325');
INSERT INTO books.userbookshelf (id, name, userbookshelftypeid, goodreadsshelfid) VALUES (80, 'Should Have Been a Short Story', 7, '305329008');
INSERT INTO books.userbookshelf (id, name, userbookshelftypeid, goodreadsshelfid) VALUES (81, 'Summary was Sufficient', 7, '214246026');
INSERT INTO books.userbookshelf (id, name, userbookshelftypeid, goodreadsshelfid) VALUES (82, 'To Buy', 7, '271799522');
INSERT INTO books.userbookshelf (id, name, userbookshelftypeid, goodreadsshelfid) VALUES (83, 'To Re-Read', 7, '275147539');
INSERT INTO books.userbookshelf (id, name, userbookshelftypeid, goodreadsshelfid) VALUES (84, 'To Read with Children', 7, '208010622');
INSERT INTO books.userbookshelf (id, name, userbookshelftypeid, goodreadsshelfid) VALUES (85, 'To Read with Spouse', 7, '203409786');
INSERT INTO books.userbookshelf (id, name, userbookshelftypeid, goodreadsshelfid) VALUES (86, 'Watched the Movie', 7, '227720808');

INSERT INTO books.userbookshelftype (id, name) VALUES (1, 'AutoGenerated');
INSERT INTO books.userbookshelftype (id, name) VALUES (2, 'DidNotFinishYear');
INSERT INTO books.userbookshelftype (id, name) VALUES (3, 'FirstReadYear');
INSERT INTO books.userbookshelftype (id, name) VALUES (4, 'NewAuthorsYear');
INSERT INTO books.userbookshelftype (id, name) VALUES (5, 'ReadStatus');
INSERT INTO books.userbookshelftype (id, name) VALUES (6, 'ReadYear');
INSERT INTO books.userbookshelftype (id, name) VALUES (7, 'User');

SELECT pg_catalog.setval('books.author_book_id_seq', 1, false);
SELECT pg_catalog.setval('books.author_id_seq', 1, false);
SELECT pg_catalog.setval('books.book_bookshelf_id_seq', 1, false);
SELECT pg_catalog.setval('books.book_id_seq', 1, false);
SELECT pg_catalog.setval('books.book_list_id_seq', 1, false);
SELECT pg_catalog.setval('books.bookshelf_id_seq', 55, true);
SELECT pg_catalog.setval('books.bookshelftype_id_seq', 5, true);
SELECT pg_catalog.setval('books.list_id_seq', 1, false);
SELECT pg_catalog.setval('books.review_id_seq', 1, false);
SELECT pg_catalog.setval('books.userbook_id_seq', 1, false);
SELECT pg_catalog.setval('books.userbook_userbookshelves_id_seq', 1, false);
SELECT pg_catalog.setval('books.userbookshelf_id_seq', 86, true);
SELECT pg_catalog.setval('books.userbookshelftype_id_seq', 7, true);

ALTER TABLE ONLY books.author_book
    ADD CONSTRAINT author_book_pkey PRIMARY KEY (id);

ALTER TABLE ONLY books.author
    ADD CONSTRAINT author_pkey PRIMARY KEY (id);

ALTER TABLE ONLY books.book_bookshelf
    ADD CONSTRAINT book_bookshelf_pkey PRIMARY KEY (id);

ALTER TABLE ONLY books.book_list
    ADD CONSTRAINT book_list_pkey PRIMARY KEY (id);

ALTER TABLE ONLY books.book
    ADD CONSTRAINT book_pkey PRIMARY KEY (id);

ALTER TABLE ONLY books.bookshelf
    ADD CONSTRAINT bookshelf_pkey PRIMARY KEY (id);

ALTER TABLE ONLY books.bookshelftype
    ADD CONSTRAINT bookshelftype_pkey PRIMARY KEY (id);

ALTER TABLE ONLY books.list
    ADD CONSTRAINT list_pkey PRIMARY KEY (id);

ALTER TABLE ONLY books.review
    ADD CONSTRAINT review_pkey PRIMARY KEY (id);

ALTER TABLE ONLY books.bookshelf
    ADD CONSTRAINT uq_bookshelf_name UNIQUE (name);

ALTER TABLE ONLY books.userbookshelf
    ADD CONSTRAINT uq_userbookshelf_name UNIQUE (name);

ALTER TABLE ONLY books.userbook
    ADD CONSTRAINT userbook_pkey PRIMARY KEY (id);

ALTER TABLE ONLY books.userbook_userbookshelves
    ADD CONSTRAINT userbook_userbookshelves_pkey PRIMARY KEY (id);

ALTER TABLE ONLY books.userbookshelf
    ADD CONSTRAINT userbookshelf_pkey PRIMARY KEY (id);

ALTER TABLE ONLY books.userbookshelftype
    ADD CONSTRAINT userbookshelftype_pkey PRIMARY KEY (id);

ALTER TABLE ONLY books.author_book
    ADD CONSTRAINT fk_author_book_authorid FOREIGN KEY (authorid) REFERENCES books.author(id);

ALTER TABLE ONLY books.author_book
    ADD CONSTRAINT fk_author_book_bookid FOREIGN KEY (bookid) REFERENCES books.book(id);

ALTER TABLE ONLY books.book_bookshelf
    ADD CONSTRAINT fk_book_bookshelf_bookid FOREIGN KEY (bookid) REFERENCES books.book(id);

ALTER TABLE ONLY books.book_bookshelf
    ADD CONSTRAINT fk_book_bookshelf_bookshelfid FOREIGN KEY (bookshelfid) REFERENCES books.bookshelf(id);

ALTER TABLE ONLY books.book_list
    ADD CONSTRAINT fk_book_list_bookid FOREIGN KEY (bookid) REFERENCES books.book(id);

ALTER TABLE ONLY books.book_list
    ADD CONSTRAINT fk_book_list_listid FOREIGN KEY (listid) REFERENCES books.list(id);

ALTER TABLE ONLY books.bookshelf
    ADD CONSTRAINT fk_bookshelf_bookshelftypeid FOREIGN KEY (bookshelftypeid) REFERENCES books.bookshelftype(id);

ALTER TABLE ONLY books.review
    ADD CONSTRAINT fk_review_userbookid FOREIGN KEY (userbookid) REFERENCES books.userbook(id);

ALTER TABLE ONLY books.userbook
    ADD CONSTRAINT fk_userbook_bookid FOREIGN KEY (bookid) REFERENCES books.book(id);

ALTER TABLE ONLY books.userbook_userbookshelves
    ADD CONSTRAINT fk_userbook_userbookshelves_userbookid FOREIGN KEY (userbookid) REFERENCES books.userbook(id);

ALTER TABLE ONLY books.userbook_userbookshelves
    ADD CONSTRAINT fk_userbook_userbookshelves_userbookshelfid FOREIGN KEY (userbookshelfid) REFERENCES books.userbookshelf(id);

ALTER TABLE ONLY books.userbook
    ADD CONSTRAINT fk_userbook_userid FOREIGN KEY (userid) REFERENCES users.kodexuser(id);

ALTER TABLE ONLY books.userbookshelf
    ADD CONSTRAINT fk_userbookshelf_userbookshelftypeid FOREIGN KEY (userbookshelftypeid) REFERENCES books.userbookshelftype(id);
